{
  "project_info": {
    "project_number": "854246779770",
    "project_id": "mendozaapp-2e459",
    "storage_bucket": "mendozaapp-2e459.firebasestorage.app"
  },
  "client": [
    {
      "client_info": {
        "mobilesdk_app_id": "1:854246779770:android:f0f67d3952149b83a444c3",
        "android_client_info": {
          "package_name": "com.example.app"
        }
      },
      "oauth_client": [],
      "api_key": [
        {
          "current_key": "AIzaSyDaOlpjDC3Hz8dFaiQU9G8LcxaojwHGVFU"
        }
      ],
      "services": {
        "appinvite_service": {
          "other_platform_oauth_client": []
        }
      }
    }
  ],
  "configuration_version": "1"
}